ad_archive_id,started,format,cta,title,hook,landing_domain
2075387186736547,2026-05-21,IMAGE,Sign up,Solve Work with Notion. The AI-enabled workspace designed for collaboration and ,Notion has everything you need to unlock the power of AI at work.,fb.me
2227973474629226,2026-06-30,IMAGE,Sign up,Solve Work with Notion. The AI-enabled workspace designed for collaboration and ,Notion has everything you need to unlock the power of AI at work.,fb.me
2038624930085712,2026-06-01,IMAGE,Sign up,Solve Work with Notion. The AI-enabled workspace designed for collaboration and ,Notion has everything you need to unlock the power of AI at work.,fb.me
1673569604564030,2026-08-19,DCO,Sign up,{{product.name}},{{product.brand}},fb.me
1759958561984224,2026-07-31,IMAGE,Sign up,Transform productivity with AI-driven collaboration. Get 3 Free Months of Notion,🎯 Act Fast: Get Your Notion Business Plan FREE for 3 Months → Full AI Suite Included → No Credit Car,fb.me
946595708465140,2026-08-19,VIDEO,Sign up,Solve Work with Notion. The AI-enabled workspace designed for collaboration and ,Notion has everything you need to unlock the power of AI at work.,fb.me
2295243284577318,2026-08-05,IMAGE,Sign up,Solve Work with Notion. The AI-enabled workspace designed for collaboration and ,Notion has everything you need to unlock the power of AI at work.,fb.me
1291350829604437,2026-08-19,DCO,Sign up,{{product.name}},{{product.brand}},fb.me
2814453402260055,2026-08-19,DCO,Get offer,{{product.name}},{{product.brand}},fb.me
1718122316094244,2026-08-19,IMAGE,Sign up,Solve Work with Notion. The AI-enabled workspace designed for collaboration and ,Notion has everything you need to unlock the power of AI at work.,fb.me
1516545133124223,2026-07-31,IMAGE,Get offer,Get up to 3 Free Months* with Full Access to AI. No credit card required.,We're changing the way work gets done. Collaboration meets AI meets beautiful functionality.,fb.me
1090820163282697,2026-08-19,DCO,Sign up,{{product.name}},{{product.brand}},fb.me
1072744595455960,2026-08-19,VIDEO,Get offer,Solve Work with Notion. The AI-enabled workspace designed for collaboration and ,Notion has everything you need to unlock the power of AI at work.,fb.me
1080105401207777,2026-08-21,VIDEO,Get offer,Solve Work with Notion. The AI-enabled workspace designed for collaboration and ,Notion has everything you need to unlock the power of AI at work.,fb.me
1589204432875824,2026-08-19,VIDEO,Sign up,Solve Work with Notion. The AI-enabled workspace designed for collaboration and ,Notion has everything you need to unlock the power of AI at work.,fb.me
1598592228504757,2026-08-05,IMAGE,Sign up,Solve Work with Notion. The AI-enabled workspace designed for collaboration and ,Notion has everything you need to unlock the power of AI at work.,fb.me
1470402694898909,2026-09-04,DCO,Apply now,Notion企業活用ウェビナー,複数AIツール時代の組織ガバナンス AIの組織展開を成功させるための4つの論点とは？,notion.com
2491906091302536,2026-09-04,IMAGE,Apply now,Notion企業活用ウェビナー,複数AIツール時代の組織ガバナンス AIの組織展開を成功させるための4つの論点とは？,notion.com
1060128086423658,2026-08-19,DCO,Get offer,{{product.name}},{{product.brand}},fb.me
2515793962221656,2026-08-05,IMAGE,Sign up,Transform productivity with AI-driven collaboration. Get 3 Free Months of Notion,🎯 Act Fast: Get Your Notion Business Plan FREE for 3 Months → Full AI Suite Included → No Credit Car,fb.me
